,Wuhan-Hu-1,KP.2,XBB.1.5
Wuhan-Hu-1,0.0,2.8762117079584786,2.6646104993698705
KP.2,2.8762117079584786,0.0,1.0841735704539692
XBB.1.5,2.6646104993698705,1.0841735704539692,0.0
