,Wuhan-Hu-1,KP.2,XBB.1.5
Wuhan-Hu-1,0.0,0.14319201673088827,0.08057914503295312
KP.2,0.14319201673088827,0.0,0.037091285117359124
XBB.1.5,0.08057914503295312,0.037091285117359124,0.0
