,Wuhan-Hu-1,KP.2,XBB.1.5
Wuhan-Hu-1,0.0,2.749253101919731,2.747399096787412
KP.2,2.749253101919731,0.0,2.3676206713186367
XBB.1.5,2.747399096787412,2.3676206713186367,0.0
