,Wuhan-Hu-1,KP.2,XBB.1.5
Wuhan-Hu-1,0.0,2.0048786942604195,1.654148846846963
KP.2,2.0048786942604195,0.0,1.4134984437183857
XBB.1.5,1.654148846846963,1.4134984437183857,0.0
