,Wuhan-Hu-1,KP.2,XBB.1.5
Wuhan-Hu-1,0.0,2.3456013316411215,2.233226893748587
KP.2,2.3456013316411215,0.0,1.3044511644823533
XBB.1.5,2.233226893748587,1.3044511644823533,0.0
