,Wuhan-Hu-1,KP.2,XBB.1.5
Wuhan-Hu-1,0.0,2.9972308183588967,2.9563201051571832
KP.2,2.9972308183588967,0.0,2.3352251912274573
XBB.1.5,2.9563201051571832,2.3352251912274573,0.0
