,Wuhan-Hu-1,KP.2,XBB.1.5
Wuhan-Hu-1,0.0,2.3171518298300393,1.796525813010274
KP.2,2.3171518298300393,0.0,1.8719827419995736
XBB.1.5,1.796525813010274,1.8719827419995736,0.0
