,Wuhan-Hu-1,KP.2,XBB.1.5
Wuhan-Hu-1,0.0,1.7214766542807878,0.44772007423227794
KP.2,1.7214766542807878,0.0,0.29194297424756427
XBB.1.5,0.44772007423227794,0.29194297424756427,0.0
