,Wuhan-Hu-1,KP.2,XBB.1.5
Wuhan-Hu-1,0.0,2.5096444282228636,3.6568537461343085
KP.2,2.5096444282228636,0.0,3.3696571356391147
XBB.1.5,3.6568537461343085,3.3696571356391147,0.0
