,Wuhan-Hu-1,KP.2,XBB.1.5
Wuhan-Hu-1,0.0,1.7531118615787216,1.7201152054097082
KP.2,1.7531118615787216,0.0,0.6135916577753047
XBB.1.5,1.7201152054097082,0.6135916577753047,0.0
