,Wuhan-Hu-1,BA.1,JN.3
Wuhan-Hu-1,0.0,0.5837993588941323,2.230650993160292
BA.1,0.5837993588941323,0.0,0.8218905831594925
JN.3,2.230650993160292,0.8218905831594925,0.0
