,Wuhan-Hu-1,BA.1,JN.3
Wuhan-Hu-1,0.0,0.003448891598626359,0.46124758057132315
BA.1,0.003448891598626359,0.0,0.6674257623659983
JN.3,0.46124758057132315,0.6674257623659983,0.0
