,Wuhan-Hu-1,BA.1,JN.3
Wuhan-Hu-1,0.0,2.011691110794634,2.284448911869782
BA.1,2.011691110794634,0.0,2.3359682505593593
JN.3,2.284448911869782,2.3359682505593593,0.0
