,Wuhan-Hu-1,BA.1,JN.3
Wuhan-Hu-1,0.0,1.5049069136244189,1.7426166704225958
BA.1,1.5049069136244189,0.0,1.0636443377955849
JN.3,1.7426166704225958,1.0636443377955849,0.0
