,Wuhan-Hu-1,BA.1,JN.3
Wuhan-Hu-1,0.0,1.6240247930824967,2.3552835590563226
BA.1,1.6240247930824967,0.0,2.3440130983284777
JN.3,2.3552835590563226,2.3440130983284777,0.0
