,Wuhan-Hu-1,BA.1,JN.3
Wuhan-Hu-1,0.0,1.2429259198596647,1.7198918223457542
BA.1,1.2429259198596647,0.0,1.623096945906283
JN.3,1.7198918223457542,1.623096945906283,0.0
