,Wuhan-Hu-1,BA.1,JN.3
Wuhan-Hu-1,0.0,1.3321426255309354,2.697359953831775
BA.1,1.3321426255309354,0.0,2.5462679003566584
JN.3,2.697359953831775,2.5462679003566584,0.0
