,Wuhan-Hu-1,BA.1,XBB.1.5
Wuhan-Hu-1,0.0,0.06121604047185019,0.08057914503295312
BA.1,0.06121604047185019,0.0,0.06874812888074351
XBB.1.5,0.08057914503295312,0.06874812888074351,0.0
