,Wuhan-Hu-1,BA.1,XBB.1.5
Wuhan-Hu-1,0.0,1.5049069136244189,1.7201152054097082
BA.1,1.5049069136244189,0.0,0.9635109682468164
XBB.1.5,1.7201152054097082,0.9635109682468164,0.0
