,Wuhan-Hu-1,BA.1,XBB.1.5
Wuhan-Hu-1,0.0,0.5837993588941323,2.233226893748587
BA.1,0.5837993588941323,0.0,0.804119111947768
XBB.1.5,2.233226893748587,0.804119111947768,0.0
