,Wuhan-Hu-1,BA.1,XBB.1.5
Wuhan-Hu-1,0.0,1.2429259198596647,1.654148846846963
BA.1,1.2429259198596647,0.0,1.531690982152613
XBB.1.5,1.654148846846963,1.531690982152613,0.0
