,Wuhan-Hu-1,BA.1,XBB.1.5
Wuhan-Hu-1,0.0,1.6240247930824967,3.6568537461343085
BA.1,1.6240247930824967,0.0,3.4551889837907774
XBB.1.5,3.6568537461343085,3.4551889837907774,0.0
