,Wuhan-Hu-1,BA.1,XBB.1.5
Wuhan-Hu-1,0.0,2.011691110794634,2.747399096787412
BA.1,2.011691110794634,0.0,2.5796096419342724
XBB.1.5,2.747399096787412,2.5796096419342724,0.0
