,Wuhan-Hu-1,BA.1,XBB.1.5
Wuhan-Hu-1,0.0,1.3321426255309354,2.6646104993698705
BA.1,1.3321426255309354,0.0,2.5413773900884453
XBB.1.5,2.6646104993698705,2.5413773900884453,0.0
