,Wuhan-Hu-1,BA.1,XBB.1.5
Wuhan-Hu-1,0.0,2.294271820292494,2.9563201051571832
BA.1,2.294271820292494,0.0,2.6884173685625132
XBB.1.5,2.9563201051571832,2.6884173685625132,0.0
