,Wuhan-Hu-1,BA.1,XBB.1.5
Wuhan-Hu-1,0.0,0.003448891598626359,0.44772007423227794
BA.1,0.003448891598626359,0.0,0.6933430677488749
XBB.1.5,0.44772007423227794,0.6933430677488749,0.0
