,Wuhan-Hu-1,BA.1,XBB.1.5
Wuhan-Hu-1,0.0,1.2748371933388365,1.796525813010274
BA.1,1.2748371933388365,0.0,1.774745519999744
XBB.1.5,1.796525813010274,1.774745519999744,0.0
