,Wuhan-Hu-1,JN.1,JN.3
Wuhan-Hu-1,0.0,2.391636968590396,2.3552835590563226
JN.1,2.391636968590396,0.0,1.2479979539339765
JN.3,2.3552835590563226,1.2479979539339765,0.0
