,Wuhan-Hu-1,JN.1,JN.3
Wuhan-Hu-1,0.0,2.6975406636317145,2.697359953831775
JN.1,2.6975406636317145,0.0,0.5257535512842513
JN.3,2.697359953831775,0.5257535512842513,0.0
