,Wuhan-Hu-1,KP.2,JN.1
Wuhan-Hu-1,0.0,1.7531118615787216,1.74277661134749
KP.2,1.7531118615787216,0.0,0.3288822573094272
JN.1,1.74277661134749,0.3288822573094272,0.0
