,Wuhan-Hu-1,KP.2,JN.1
Wuhan-Hu-1,0.0,0.14319201673088827,0.10380387762952872
KP.2,0.14319201673088827,0.0,0.047549014961210195
JN.1,0.10380387762952872,0.047549014961210195,0.0
