,Wuhan-Hu-1,KP.2,JN.1
Wuhan-Hu-1,0.0,2.0048786942604195,1.8697787588000843
KP.2,2.0048786942604195,0.0,1.0755092380323412
JN.1,1.8697787588000843,1.0755092380323412,0.0
