,Wuhan-Hu-1,KP.2,JN.1
Wuhan-Hu-1,0.0,2.749253101919731,2.3052128921801973
KP.2,2.749253101919731,0.0,2.6534218747406997
JN.1,2.3052128921801973,2.6534218747406997,0.0
