,Wuhan-Hu-1,KP.2,JN.1
Wuhan-Hu-1,0.0,2.9972308183588967,2.990344388053424
KP.2,2.9972308183588967,0.0,1.6046322688590258
JN.1,2.990344388053424,1.6046322688590258,0.0
