,Wuhan-Hu-1,KP.2,JN.1
Wuhan-Hu-1,0.0,1.7214766542807878,0.46124758057132315
KP.2,1.7214766542807878,0.0,0.2975712428385671
JN.1,0.46124758057132315,0.2975712428385671,0.0
