,Wuhan-Hu-1,KP.2,JN.1
Wuhan-Hu-1,0.0,2.3171518298300393,2.085350531657746
KP.2,2.3171518298300393,0.0,1.2684214363009676
JN.1,2.085350531657746,1.2684214363009676,0.0
