,Wuhan-Hu-1,KP.2,JN.1
Wuhan-Hu-1,0.0,2.5096444282228636,2.391636968590396
KP.2,2.5096444282228636,0.0,1.5769889040594474
JN.1,2.391636968590396,1.5769889040594474,0.0
