,Wuhan-Hu-1,KP.2,JN.1
Wuhan-Hu-1,0.0,2.3456013316411215,2.2314450298795268
KP.2,2.3456013316411215,0.0,1.4082421683130724
JN.1,2.2314450298795268,1.4082421683130724,0.0
