,Wuhan-Hu-1,KP.2,JN.1
Wuhan-Hu-1,0.0,2.8762117079584786,2.6975406636317145
KP.2,2.8762117079584786,0.0,1.4656926138813375
JN.1,2.6975406636317145,1.4656926138813375,0.0
