,Wuhan-Hu-1,XBB1.5,KP.3
Wuhan-Hu-1,0.0,1.796525813010274,2.1111156464492105
XBB1.5,1.796525813010274,0.0,2.0687419102973674
KP.3,2.1111156464492105,2.0687419102973674,0.0
