,Wuhan-Hu-1,XBB1.5,KP.3
Wuhan-Hu-1,0.0,3.6568537461343085,2.45862351589876
XBB1.5,3.6568537461343085,0.0,3.481100985482033
KP.3,2.45862351589876,3.481100985482033,0.0
