,Wuhan-Hu-1,XBB1.5,KP.3
Wuhan-Hu-1,0.0,0.44772007423227794,1.7147874044398028
XBB1.5,0.44772007423227794,0.0,0.27797085413898526
KP.3,1.7147874044398028,0.27797085413898526,0.0
