,Wuhan-Hu-1,XBB1.5,KP.3
Wuhan-Hu-1,0.0,2.747399096787412,2.3968199654506264
XBB1.5,2.747399096787412,0.0,2.777616750273903
KP.3,2.3968199654506264,2.777616750273903,0.0
