,Wuhan-Hu-1,XBB.1.5,KP.3
Wuhan-Hu-1,0.0,2.233226893748587,2.3477717536868234
XBB.1.5,2.233226893748587,0.0,1.246615156265678
KP.3,2.3477717536868234,1.246615156265678,0.0
