,Wuhan-Hu-1,XBB.1.5,KP.3
Wuhan-Hu-1,0.0,2.9563201051571832,3.0087920960201755
XBB.1.5,2.9563201051571832,0.0,2.3767454029615536
KP.3,3.0087920960201755,2.3767454029615536,0.0
