,Wuhan-Hu-1,JN.3,KP.3
Wuhan-Hu-1,0.0,0.46124758057132315,1.7147874044398028
JN.3,0.46124758057132315,0.0,0.334541955610067
KP.3,1.7147874044398028,0.334541955610067,0.0
