,Wuhan-Hu-1,JN.3,KP.3
Wuhan-Hu-1,0.0,2.284448911869782,2.3968199654506264
JN.3,2.284448911869782,0.0,1.5135537110982455
KP.3,2.3968199654506264,1.5135537110982455,0.0
