,Wuhan-Hu-1,JN.1,JN.2
Wuhan-Hu-1,0.0,2.990344388053424,2.990344388053424
JN.1,2.990344388053424,0.0,0.0
JN.2,2.990344388053424,0.0,0.0
