,Wuhan-Hu-1,JN.1,JN.2
Wuhan-Hu-1,0.0,0.10380387762952872,0.10380387762952872
JN.1,0.10380387762952872,0.0,0.0
JN.2,0.10380387762952872,0.0,0.0
