,Wuhan-Hu-1,JN.1,JN.2
Wuhan-Hu-1,0.0,2.085350531657746,2.0846121501925685
JN.1,2.085350531657746,0.0,0.41148753220028056
JN.2,2.0846121501925685,0.41148753220028056,0.0
