,Wuhan-Hu-1,JN.3,XBB.1.5
Wuhan-Hu-1,0.0,2.230650993160292,2.233226893748587
JN.3,2.230650993160292,0.0,0.2164516567496614
XBB.1.5,2.233226893748587,0.2164516567496614,0.0
