,Wuhan-Hu-1,JN.3,XBB.1.5
Wuhan-Hu-1,0.0,0.46124758057132315,0.44772007423227794
JN.3,0.46124758057132315,0.0,0.08549303853210571
XBB.1.5,0.44772007423227794,0.08549303853210571,0.0
