,Wuhan-Hu-1,JN.3,XBB.1.5
Wuhan-Hu-1,0.0,2.284448911869782,2.747399096787412
JN.3,2.284448911869782,0.0,2.7394037477173887
XBB.1.5,2.747399096787412,2.7394037477173887,0.0
