,Wuhan-Hu-1,BA.5,KP.3
Wuhan-Hu-1,0.0,2.150882411728101,2.3968199654506264
BA.5,2.150882411728101,0.0,2.3057945237292725
KP.3,2.3968199654506264,2.3057945237292725,0.0
