,Wuhan-Hu-1,BA.5,KP.3
Wuhan-Hu-1,0.0,1.4051793943535404,2.1111156464492105
BA.5,1.4051793943535404,0.0,2.0537691244330145
KP.3,2.1111156464492105,2.0537691244330145,0.0
