,Wuhan-Hu-1,BA.5,KP.3
Wuhan-Hu-1,0.0,2.547535711062633,2.700636012829851
BA.5,2.547535711062633,0.0,1.423476357305922
KP.3,2.700636012829851,1.423476357305922,0.0
