,Wuhan-Hu-1,BA.5,KP.3
Wuhan-Hu-1,0.0,2.242938450325753,2.3477717536868234
BA.5,2.242938450325753,0.0,1.2884079718232846
KP.3,2.3477717536868234,1.2884079718232846,0.0
