,Wuhan-Hu-1,BA.5,KP.3
Wuhan-Hu-1,0.0,0.08011413130660043,0.1359406568420393
BA.5,0.08011413130660043,0.0,0.05603754802208748
KP.3,0.1359406568420393,0.05603754802208748,0.0
