,Wuhan-Hu-1,BA.5,KP.3
Wuhan-Hu-1,0.0,1.4940024934064853,2.0363951081270084
BA.5,1.4940024934064853,0.0,1.5783414044969906
KP.3,2.0363951081270084,1.5783414044969906,0.0
