,Wuhan-Hu-1,BA.5,KP.3
Wuhan-Hu-1,0.0,0.2983163914011229,1.7147874044398028
BA.5,0.2983163914011229,0.0,0.2530064086744613
KP.3,1.7147874044398028,0.2530064086744613,0.0
