,Wuhan-Hu-1,BA.5,KP.3
Wuhan-Hu-1,0.0,2.3019204539181364,3.0087920960201755
BA.5,2.3019204539181364,0.0,2.7135965026321403
KP.3,3.0087920960201755,2.7135965026321403,0.0
