,Wuhan-Hu-1,KP.2,KP.3
Wuhan-Hu-1,0.0,2.8762117079584786,2.700636012829851
KP.2,2.8762117079584786,0.0,1.4501586326350846
KP.3,2.700636012829851,1.4501586326350846,0.0
