,Wuhan-Hu-1,KP.2,KP.3
Wuhan-Hu-1,0.0,2.3456013316411215,2.3477717536868234
KP.2,2.3456013316411215,0.0,0.12589041043250734
KP.3,2.3477717536868234,0.12589041043250734,0.0
