,Wuhan-Hu-1,KP.2,KP.3
Wuhan-Hu-1,0.0,2.0048786942604195,2.0363951081270084
KP.2,2.0048786942604195,0.0,1.027660321192803
KP.3,2.0363951081270084,1.027660321192803,0.0
