,Wuhan-Hu-1,KP.2,KP.3
Wuhan-Hu-1,0.0,1.7214766542807878,1.7147874044398028
KP.2,1.7214766542807878,0.0,0.005301130471292197
KP.3,1.7147874044398028,0.005301130471292197,0.0
