,Wuhan-Hu-1,KP.2,KP.3
Wuhan-Hu-1,0.0,2.3171518298300393,2.1111156464492105
KP.2,2.3171518298300393,0.0,1.235522787909686
KP.3,2.1111156464492105,1.235522787909686,0.0
