,Wuhan-Hu-1,KP.2,KP.3
Wuhan-Hu-1,0.0,2.5096444282228636,2.45862351589876
KP.2,2.5096444282228636,0.0,1.5325555643622988
KP.3,2.45862351589876,1.5325555643622988,0.0
