,Wuhan-Hu-1,KP.2,KP.3
Wuhan-Hu-1,0.0,2.749253101919731,2.3968199654506264
KP.2,2.749253101919731,0.0,2.669752455236714
KP.3,2.3968199654506264,2.669752455236714,0.0
