,Wuhan-Hu-1,KP.2,KP.3
Wuhan-Hu-1,0.0,0.14319201673088827,0.1359406568420393
KP.2,0.14319201673088827,0.0,0.023528285056871805
KP.3,0.1359406568420393,0.023528285056871805,0.0
