,Wuhan-Hu-1,KP.2,KP.3
Wuhan-Hu-1,0.0,2.9972308183588967,3.0087920960201755
KP.2,2.9972308183588967,0.0,1.7126208507206844
KP.3,3.0087920960201755,1.7126208507206844,0.0
