,Wuhan-Hu-1,KP.2,KP.3
Wuhan-Hu-1,0.0,1.7531118615787216,1.7523496139509522
KP.2,1.7531118615787216,0.0,0.17592130297672776
KP.3,1.7523496139509522,0.17592130297672776,0.0
