,Wuhan-Hu-1,BA.1,KP.2
Wuhan-Hu-1,0.0,1.3321426255309354,2.8762117079584786
BA.1,1.3321426255309354,0.0,2.7327645369052327
KP.2,2.8762117079584786,2.7327645369052327,0.0
