,Wuhan-Hu-1,BA.1,KP.2
Wuhan-Hu-1,0.0,0.06121604047185019,0.14319201673088827
BA.1,0.06121604047185019,0.0,0.1150411526139032
KP.2,0.14319201673088827,0.1150411526139032,0.0
