,Wuhan-Hu-1,BA.1,KP.2
Wuhan-Hu-1,0.0,1.6240247930824967,2.5096444282228636
BA.1,1.6240247930824967,0.0,2.4853565555749064
KP.2,2.5096444282228636,2.4853565555749064,0.0
