,Wuhan-Hu-1,BA.1,KP.2
Wuhan-Hu-1,0.0,1.2748371933388365,2.3171518298300393
BA.1,1.2748371933388365,0.0,2.324670838997542
KP.2,2.3171518298300393,2.324670838997542,0.0
