,Wuhan-Hu-1,BA.1,KP.2
Wuhan-Hu-1,0.0,2.011691110794634,2.749253101919731
BA.1,2.011691110794634,0.0,2.775148808964911
KP.2,2.749253101919731,2.775148808964911,0.0
