,Wuhan-Hu-1,BA.1,KP.2
Wuhan-Hu-1,0.0,1.2429259198596647,2.0048786942604195
BA.1,1.2429259198596647,0.0,1.919532774281207
KP.2,2.0048786942604195,1.919532774281207,0.0
