,Wuhan-Hu-1,BA.1,KP.2
Wuhan-Hu-1,0.0,0.003448891598626359,1.7214766542807878
BA.1,0.003448891598626359,0.0,2.0979473035206437
KP.2,1.7214766542807878,2.0979473035206437,0.0
