,Wuhan-Hu-1,BA.1,KP.2
Wuhan-Hu-1,0.0,0.5837993588941323,2.3456013316411215
BA.1,0.5837993588941323,0.0,1.5273218367621222
KP.2,2.3456013316411215,1.5273218367621222,0.0
