,Wuhan-Hu-1,BA.1,KP.2
Wuhan-Hu-1,0.0,1.5049069136244189,1.7531118615787216
BA.1,1.5049069136244189,0.0,1.0935049332306317
KP.2,1.7531118615787216,1.0935049332306317,0.0
