,Wuhan-Hu-1,BA.1,KP.2
Wuhan-Hu-1,0.0,2.294271820292494,2.9972308183588967
BA.1,2.294271820292494,0.0,2.7731733543848747
KP.2,2.9972308183588967,2.7731733543848747,0.0
