,Wuhan-Hu-1,BA.1,JN.2
Wuhan-Hu-1,0.0,1.2748371933388365,2.0846121501925685
BA.1,1.2748371933388365,0.0,2.1136610696581277
JN.2,2.0846121501925685,2.1136610696581277,0.0
