,Wuhan-Hu-1,BA.1,JN.2
Wuhan-Hu-1,0.0,2.294271820292494,2.990344388053424
BA.1,2.294271820292494,0.0,2.7646661076964723
JN.2,2.990344388053424,2.7646661076964723,0.0
