,Wuhan-Hu-1,BA.1,JN.2
Wuhan-Hu-1,0.0,0.06121604047185019,0.10380387762952872
BA.1,0.06121604047185019,0.0,0.08816923115240907
JN.2,0.10380387762952872,0.08816923115240907,0.0
