,Wuhan-Hu-1,JN.1,JN.2,JN.3,KP.3,XBB.1.5
Wuhan-Hu-1,0.0,2.179660771202951,2.162132598178498,2.0782165142624143,2.3318470525147235,2.100534011916902
JN.1,2.179660771202951,0.0,0.44332094691734475,0.4559336617488208,0.8288558546285518,1.794410057234519
JN.2,2.162132598178498,0.44332094691734475,0.0,0.0839160839160839,0.8620074091714368,1.782795527553279
JN.3,2.0782165142624143,0.4559336617488208,0.0839160839160839,0.0,0.9501864348069328,1.7795658738437157
KP.3,2.3318470525147235,0.8288558546285518,0.8620074091714368,0.9501864348069328,0.0,1.8458687337363886
XBB.1.5,2.100534011916902,1.794410057234519,1.782795527553279,1.7795658738437157,1.8458687337363886,0.0
