,Wuhan-Hu-1,BA.4,XBB.1.5
Wuhan-Hu-1,0.0,0.08011413130660043,0.08057914503295312
BA.4,0.08011413130660043,0.0,0.020834475080264894
XBB.1.5,0.08057914503295312,0.020834475080264894,0.0
