,Wuhan-Hu-1,BA.4,XBB.1.5
Wuhan-Hu-1,0.0,2.150882411728101,2.747399096787412
BA.4,2.150882411728101,0.0,2.5454163347823053
XBB.1.5,2.747399096787412,2.5454163347823053,0.0
