,Wuhan-Hu-1,BA.4,XBB.1.5
Wuhan-Hu-1,0.0,1.4940024934064853,1.654148846846963
BA.4,1.4940024934064853,0.0,1.1052405519367132
XBB.1.5,1.654148846846963,1.1052405519367132,0.0
