,Wuhan-Hu-1,BA.4,XBB.1.5
Wuhan-Hu-1,0.0,0.2983163914011229,0.44772007423227794
BA.4,0.2983163914011229,0.0,0.11057576259839984
XBB.1.5,0.44772007423227794,0.11057576259839984,0.0
