,Wuhan-Hu-1,BA.4,XBB.1.5
Wuhan-Hu-1,0.0,2.3295504835749314,3.6568537461343085
BA.4,2.3295504835749314,0.0,3.461870381698079
XBB.1.5,3.6568537461343085,3.461870381698079,0.0
