,Wuhan-Hu-1,BA.4,XBB.1.5
Wuhan-Hu-1,0.0,1.4051793943535404,1.796525813010274
BA.4,1.4051793943535404,0.0,1.7900805722600717
XBB.1.5,1.796525813010274,1.7900805722600717,0.0
