,Wuhan-Hu-1,JN.2,XBB.1.5
Wuhan-Hu-1,0.0,0.10380387762952872,0.08057914503295312
JN.2,0.10380387762952872,0.0,0.02998987022738182
XBB.1.5,0.08057914503295312,0.02998987022738182,0.0
