,Wuhan-Hu-1,JN.2,XBB.1.5
Wuhan-Hu-1,0.0,2.0846121501925685,1.796525813010274
JN.2,2.0846121501925685,0.0,2.038765572930907
XBB.1.5,1.796525813010274,2.038765572930907,0.0
