,Wuhan-Hu-1,JN.2,XBB.1.5
Wuhan-Hu-1,0.0,1.7426166704225958,1.7201152054097082
JN.2,1.7426166704225958,0.0,0.5165152858845871
XBB.1.5,1.7201152054097082,0.5165152858845871,0.0
