,Wuhan-Hu-1,BA.4,BA.5
Wuhan-Hu-1,0.0,1.6795345963442387,1.6795345963442387
BA.4,1.6795345963442387,0.0,0.0
BA.5,1.6795345963442387,0.0,0.0
