,Wuhan-Hu-1,BA.4,BA.5
Wuhan-Hu-1,0.0,2.242938450325753,2.242938450325753
BA.4,2.242938450325753,0.0,0.0
BA.5,2.242938450325753,0.0,0.0
