,Wuhan-Hu-1,BA.4,BA.5
Wuhan-Hu-1,0.0,1.4940024934064853,1.4940024934064853
BA.4,1.4940024934064853,0.0,0.0
BA.5,1.4940024934064853,0.0,0.0
