,Wuhan-Hu-1,BA.4,BA.5
Wuhan-Hu-1,0.0,0.08011413130660043,0.08011413130660043
BA.4,0.08011413130660043,0.0,0.0
BA.5,0.08011413130660043,0.0,0.0
