,Wuhan-Hu-1,BA.4,BA.5
Wuhan-Hu-1,0.0,2.3295504835749314,2.3295504835749314
BA.4,2.3295504835749314,0.0,0.0
BA.5,2.3295504835749314,0.0,0.0
