,Wuhan-Hu-1,BA.4,BA.5
Wuhan-Hu-1,0.0,2.150882411728101,2.150882411728101
BA.4,2.150882411728101,0.0,0.0
BA.5,2.150882411728101,0.0,0.0
