,Wuhan-Hu-1,BA.4,BA.5
Wuhan-Hu-1,0.0,1.4051793943535404,1.4051793943535404
BA.4,1.4051793943535404,0.0,0.0
BA.5,1.4051793943535404,0.0,0.0
