,Wuhan-Hu-1,BA.4,BA.5
Wuhan-Hu-1,0.0,2.3019204539181364,2.3019204539181364
BA.4,2.3019204539181364,0.0,0.0
BA.5,2.3019204539181364,0.0,0.0
