,Wuhan-Hu-1,BA.4,BA.5
Wuhan-Hu-1,0.0,2.547535711062633,2.547535711062633
BA.4,2.547535711062633,0.0,0.0
BA.5,2.547535711062633,0.0,0.0
