,Wuhan-Hu-1,BA.4,BA.5
Wuhan-Hu-1,0.0,0.2983163914011229,0.2983163914011229
BA.4,0.2983163914011229,0.0,0.0
BA.5,0.2983163914011229,0.0,0.0
