,Wuhan-Hu-1,JN.1,JN.2,JN.3,KP.3,XBB.1.5,BA.1
Wuhan-Hu-1,0.0,2.990344388053424,2.990344388053424,2.990344388053424,3.0087920960201755,2.9563201051571832,2.294271820292494
BA.1,2.294271820292494,2.7646661076964723,2.7646661076964723,2.7646661076964723,2.7651040851574087,2.688417368562513,0.0
