,Wuhan-Hu-1,JN.1,JN.2,JN.3,KP.3,XBB.1.5,BA.1
Wuhan-Hu-1,0.0,1.74277661134749,1.7426166704225958,1.7426166704225958,1.7523496139509522,1.7201152054097082,1.5049069136244189
BA.1,1.5049069136244189,1.0642591792963527,1.0636443377955849,1.0636443377955849,1.0920194590662675,0.9635109682468164,0.0
