,Wuhan-Hu-1,JN.1,JN.2,JN.3,KP.3,XBB.1.5,BA.1
Wuhan-Hu-1,0.0,2.3052128921801973,2.284448911869782,2.284448911869782,2.3968199654506264,2.747399096787412,2.011691110794634
BA.1,2.011691110794634,2.362246893835393,2.33596825055936,2.33596825055936,2.403157262450269,2.5796096419342724,0.0
