,Wuhan-Hu-1,JN.1,JN.2,JN.3,KP.3,XBB.1.5,BA.1
Wuhan-Hu-1,0.0,2.6975406636317145,2.697359953831775,2.697359953831775,2.700636012829851,2.6646104993698705,1.3321426255309354
BA.1,1.3321426255309354,2.546530283711906,2.5462679003566584,2.5462679003566584,2.5498009888909605,2.5413773900884453,0.0
