,Wuhan-Hu-1,JN.1,JN.2,JN.3,KP.3,XBB.1.5,BA.1
Wuhan-Hu-1,0.0,2.085350531657746,2.0846121501925685,2.0846121501925685,2.1111156464492105,1.796525813010274,1.2748371933388365
BA.1,1.2748371933388365,2.11481559838574,2.113661069658128,2.113661069658128,2.130368797183374,1.774745519999744,0.0
