,Wuhan-Hu-1,JN.1,JN.2,JN.3,KP.3,XBB.1.5,BA.1
Wuhan-Hu-1,0.0,0.1038038776295287,0.1038038776295287,0.1038038776295287,0.1359406568420393,0.0805791450329531,0.0612160404718501
BA.1,0.0612160404718501,0.088169231152409,0.088169231152409,0.088169231152409,0.1056699575831306,0.0687481288807435,0.0
