,Wuhan-Hu-1,JN.1,JN.2,JN.3,KP.3,XBB.1.5,BA.1
Wuhan-Hu-1,0.0,2.391636968590396,2.3552835590563226,2.3552835590563226,2.45862351589876,3.656853746134309,1.6240247930824967
BA.1,1.6240247930824967,2.372979801258006,2.3440130983284777,2.3440130983284777,2.429444845273308,3.455188983790777,0.0
