,Wuhan-Hu-1,JN.1,JN.2,JN.3,KP.3,XBB.1.5,BA.1
Wuhan-Hu-1,0.0,0.4612475805713231,0.4612475805713231,0.4612475805713231,1.7147874044398028,0.4477200742322779,0.0034488915986263
BA.1,0.0034488915986263,0.6674257623659983,0.6674257623659983,0.6674257623659983,2.097947303520644,0.6933430677488749,0.0
