,Wuhan-Hu-1,JN.1,JN.2,JN.3,KP.3,XBB.1.5,BA.1
Wuhan-Hu-1,0.0,2.2314450298795268,2.230650993160292,2.230650993160292,2.3477717536868234,2.233226893748587,0.5837993588941323
BA.1,0.5837993588941323,0.8333436839347252,0.8218905831594925,0.8218905831594925,1.526241961874241,0.804119111947768,0.0
