,Wuhan-Hu-1,JN.1,JN.2,JN.3,KP.3,XBB.1.5,BA.1
Wuhan-Hu-1,0.0,1.8697787588000845,1.7198918223457542,1.7198918223457542,2.0363951081270084,1.654148846846963,1.2429259198596647
BA.1,1.2429259198596647,1.7658134028491492,1.623096945906283,1.623096945906283,1.8923637816470813,1.531690982152613,0.0
