,Wuhan-Hu-1,KP.2,JN.2
Wuhan-Hu-1,0.0,2.749253101919731,2.284448911869782
KP.2,2.749253101919731,0.0,2.6432941716452367
JN.2,2.284448911869782,2.6432941716452367,0.0
