,Wuhan-Hu-1,KP.2,JN.2
Wuhan-Hu-1,0.0,2.3171518298300393,2.0846121501925685
KP.2,2.3171518298300393,0.0,1.2731589209165641
JN.2,2.0846121501925685,1.2731589209165641,0.0
