,Wuhan-Hu-1,BA.4,JN.1
Wuhan-Hu-1,0.0,2.3295504835749314,2.391636968590396
BA.4,2.3295504835749314,0.0,2.330197932585162
JN.1,2.391636968590396,2.330197932585162,0.0
