,Wuhan-Hu-1,BA.4,JN.1
Wuhan-Hu-1,0.0,0.08011413130660043,0.10380387762952872
BA.4,0.08011413130660043,0.0,0.04708538165170927
JN.1,0.10380387762952872,0.04708538165170927,0.0
