,Wuhan-Hu-1,BA.4,JN.1
Wuhan-Hu-1,0.0,1.6795345963442387,1.74277661134749
BA.4,1.6795345963442387,0.0,0.6566270965520923
JN.1,1.74277661134749,0.6566270965520923,0.0
