,Wuhan-Hu-1,BA.4,JN.1
Wuhan-Hu-1,0.0,2.150882411728101,2.3052128921801973
BA.4,2.150882411728101,0.0,2.2248713137042038
JN.1,2.3052128921801973,2.2248713137042038,0.0
