,Wuhan-Hu-1,JN.1,JN.2,JN.3,KP.3,XBB.1.5,BA.4,BA.5
Wuhan-Hu-1,0.0,2.085350531657746,2.0846121501925685,2.0846121501925685,2.1111156464492105,1.796525813010274,1.4051793943535404,1.4051793943535404
BA.4,1.4051793943535404,2.0245791016728423,2.023729710576164,2.023729710576164,2.0537691244330145,1.7900805722600717,0.0,0.0
BA.5,1.4051793943535404,2.0245791016728423,2.023729710576164,2.023729710576164,2.0537691244330145,1.7900805722600717,0.0,0.0
