,Wuhan-Hu-1,JN.1,JN.2,JN.3,KP.3,XBB.1.5,BA.4,BA.5
Wuhan-Hu-1,0.0,1.8697787588000845,1.7198918223457542,1.7198918223457542,2.0363951081270084,1.654148846846963,1.4940024934064853,1.4940024934064853
BA.4,1.4940024934064853,1.3466647703959658,1.1831925445300295,1.1831925445300295,1.5783414044969906,1.1052405519367132,0.0,0.0
BA.5,1.4940024934064853,1.3466647703959658,1.1831925445300295,1.1831925445300295,1.5783414044969906,1.1052405519367132,0.0,0.0
