,Wuhan-Hu-1,JN.1,JN.2,JN.3,KP.3,XBB.1.5,BA.4,BA.5
Wuhan-Hu-1,0.0,0.4612475805713231,0.4612475805713231,0.4612475805713231,1.7147874044398028,0.4477200742322779,0.2983163914011229,0.2983163914011229
BA.4,0.2983163914011229,0.0865807136583372,0.0865807136583372,0.0865807136583372,0.2530064086744613,0.1105757625983998,0.0,0.0
BA.5,0.2983163914011229,0.0865807136583372,0.0865807136583372,0.0865807136583372,0.2530064086744613,0.1105757625983998,0.0,0.0
