,Wuhan-Hu-1,JN.1,JN.2,JN.3,KP.3,XBB.1.5,BA.4,BA.5
Wuhan-Hu-1,0.0,0.1038038776295287,0.1038038776295287,0.1038038776295287,0.1359406568420393,0.0805791450329531,0.0801141313066004,0.0801141313066004
BA.4,0.0801141313066004,0.0470853816517092,0.0470853816517092,0.0470853816517092,0.0560375480220874,0.0208344750802648,0.0,0.0
BA.5,0.0801141313066004,0.0470853816517092,0.0470853816517092,0.0470853816517092,0.0560375480220874,0.0208344750802648,0.0,0.0
