,Wuhan-Hu-1,JN.1,JN.2,JN.3,KP.3,XBB.1.5,BA.4,BA.5
Wuhan-Hu-1,0.0,2.6975406636317145,2.697359953831775,2.697359953831775,2.700636012829851,2.6646104993698705,2.547535711062633,2.547535711062633
BA.4,2.547535711062633,1.36821582406436,1.3652019764953005,1.3652019764953005,1.423476357305922,1.699829870925014,0.0,0.0
BA.5,2.547535711062633,1.36821582406436,1.3652019764953005,1.3652019764953005,1.423476357305922,1.699829870925014,0.0,0.0
