,Wuhan-Hu-1,JN.1,JN.2,JN.3,KP.3,XBB.1.5,BA.4,BA.5
Wuhan-Hu-1,0.0,2.391636968590396,2.3552835590563226,2.3552835590563226,2.45862351589876,3.656853746134309,2.3295504835749314,2.3295504835749314
BA.4,2.3295504835749314,2.330197932585162,2.3111993421788024,2.3111993421788024,2.389507242043813,3.461870381698079,0.0,0.0
BA.5,2.3295504835749314,2.330197932585162,2.3111993421788024,2.3111993421788024,2.389507242043813,3.461870381698079,0.0,0.0
