,Wuhan-Hu-1,JN.1,JN.2,JN.3,KP.3,XBB.1.5,BA.4,BA.5
Wuhan-Hu-1,0.0,2.990344388053424,2.990344388053424,2.990344388053424,3.0087920960201755,2.9563201051571832,2.3019204539181364,2.3019204539181364
BA.4,2.3019204539181364,2.685170319987032,2.685170319987032,2.685170319987032,2.7135965026321403,2.614410726859205,0.0,0.0
BA.5,2.3019204539181364,2.685170319987032,2.685170319987032,2.685170319987032,2.7135965026321403,2.614410726859205,0.0,0.0
