,Wuhan-Hu-1,JN.1,JN.2,JN.3,KP.3,XBB.1.5,BA.4,BA.5
Wuhan-Hu-1,0.0,2.2314450298795268,2.230650993160292,2.230650993160292,2.3477717536868234,2.233226893748587,2.242938450325753,2.242938450325753
BA.4,2.242938450325753,0.4970567425469875,0.4907501995097409,0.4907501995097409,1.2884079718232846,0.5120584925492038,0.0,0.0
BA.5,2.242938450325753,0.4970567425469875,0.4907501995097409,0.4907501995097409,1.2884079718232846,0.5120584925492038,0.0,0.0
