,Wuhan-Hu-1,JN.1,JN.2,JN.3,KP.3,XBB.1.5,BA.4,BA.5
Wuhan-Hu-1,0.0,2.3052128921801973,2.284448911869782,2.284448911869782,2.3968199654506264,2.747399096787412,2.150882411728101,2.150882411728101
BA.4,2.150882411728101,2.224871313704204,2.215340142502252,2.215340142502252,2.3057945237292725,2.5454163347823053,0.0,0.0
BA.5,2.150882411728101,2.224871313704204,2.215340142502252,2.215340142502252,2.3057945237292725,2.5454163347823053,0.0,0.0
