,Wuhan-Hu-1,JN.1,JN.2,JN.3,KP.3,XBB.1.5,BA.4,BA.5
Wuhan-Hu-1,0.0,1.74277661134749,1.7426166704225958,1.7426166704225958,1.7523496139509522,1.7201152054097082,1.6795345963442387,1.6795345963442387
BA.4,1.6795345963442387,0.6566270965520923,0.6642538358170259,0.6642538358170259,0.7099827079502546,0.5195943049009515,0.0,0.0
BA.5,1.6795345963442387,0.6566270965520923,0.6642538358170259,0.6642538358170259,0.7099827079502546,0.5195943049009515,0.0,0.0
