,Wuhan-Hu-1,JN.1,KP.3
Wuhan-Hu-1,0.0,2.2314450298795268,2.3477717536868234
JN.1,2.2314450298795268,0.0,1.6721109133218126
KP.3,2.3477717536868234,1.6721109133218126,0.0
