,Wuhan-Hu-1,JN.1,KP.3
Wuhan-Hu-1,0.0,1.8697787588000843,2.0363951081270084
JN.1,1.8697787588000843,0.0,1.0508187252871288
KP.3,2.0363951081270084,1.0508187252871288,0.0
