,Wuhan-Hu-1,JN.1,KP.3
Wuhan-Hu-1,0.0,0.46124758057132315,1.7147874044398028
JN.1,0.46124758057132315,0.0,0.37885675391881174
KP.3,1.7147874044398028,0.37885675391881174,0.0
