,Wuhan-Hu-1,BA.5,JN.2
Wuhan-Hu-1,0.0,2.547535711062633,2.697359953831775
BA.5,2.547535711062633,0.0,1.3652019764953005
JN.2,2.697359953831775,1.3652019764953005,0.0
