,Wuhan-Hu-1,BA.5,JN.2
Wuhan-Hu-1,0.0,2.3019204539181364,2.990344388053424
BA.5,2.3019204539181364,0.0,2.6851703199870314
JN.2,2.990344388053424,2.6851703199870314,0.0
