,Wuhan-Hu-1,BA.1,KP.3
Wuhan-Hu-1,0.0,1.3321426255309354,2.700636012829851
BA.1,1.3321426255309354,0.0,2.5498009888909605
KP.3,2.700636012829851,2.5498009888909605,0.0
