,Wuhan-Hu-1,BA.1,KP.3
Wuhan-Hu-1,0.0,0.003448891598626359,1.7147874044398028
BA.1,0.003448891598626359,0.0,2.0979473035206437
KP.3,1.7147874044398028,2.0979473035206437,0.0
