,Wuhan-Hu-1,BA.1,KP.3
Wuhan-Hu-1,0.0,1.6240247930824967,2.45862351589876
BA.1,1.6240247930824967,0.0,2.429444845273308
KP.3,2.45862351589876,2.429444845273308,0.0
