,Wuhan-Hu-1,BA.1,KP.3
Wuhan-Hu-1,0.0,1.2748371933388365,2.1111156464492105
BA.1,1.2748371933388365,0.0,2.130368797183374
KP.3,2.1111156464492105,2.130368797183374,0.0
