,Wuhan-Hu-1,BA.1,KP.3
Wuhan-Hu-1,0.0,2.294271820292494,3.0087920960201755
BA.1,2.294271820292494,0.0,2.7651040851574087
KP.3,3.0087920960201755,2.7651040851574087,0.0
