,Wuhan-Hu-1,BA.1,KP.3
Wuhan-Hu-1,0.0,1.2429259198596647,2.0363951081270084
BA.1,1.2429259198596647,0.0,1.8923637816470813
KP.3,2.0363951081270084,1.8923637816470813,0.0
