,Wuhan-Hu-1,BA.1,KP.3
Wuhan-Hu-1,0.0,0.5837993588941323,2.3477717536868234
BA.1,0.5837993588941323,0.0,1.526241961874241
KP.3,2.3477717536868234,1.526241961874241,0.0
