,Wuhan-Hu-1,BA.1,KP.3
Wuhan-Hu-1,0.0,2.011691110794634,2.3968199654506264
BA.1,2.011691110794634,0.0,2.403157262450269
KP.3,2.3968199654506264,2.403157262450269,0.0
