,Wuhan-Hu-1,BA.1,KP.3
Wuhan-Hu-1,0.0,0.06121604047185019,0.1359406568420393
BA.1,0.06121604047185019,0.0,0.10566995758313061
KP.3,0.1359406568420393,0.10566995758313061,0.0
