,Wuhan-Hu-1,BA.1,KP.3
Wuhan-Hu-1,0.0,1.5049069136244189,1.7523496139509522
BA.1,1.5049069136244189,0.0,1.0920194590662675
KP.3,1.7523496139509522,1.0920194590662675,0.0
