,Wuhan-Hu-1,BA.5,KP.2
Wuhan-Hu-1,0.0,0.08011413130660043,0.14319201673088827
BA.5,0.08011413130660043,0.0,0.05985499566394688
KP.2,0.14319201673088827,0.05985499566394688,0.0
