,Wuhan-Hu-1,BA.5,KP.2
Wuhan-Hu-1,0.0,1.6795345963442387,1.7531118615787216
BA.5,1.6795345963442387,0.0,0.6769300858203529
KP.2,1.7531118615787216,0.6769300858203529,0.0
