,Wuhan-Hu-1,BA.5,KP.2
Wuhan-Hu-1,0.0,2.150882411728101,2.749253101919731
BA.5,2.150882411728101,0.0,2.7175478014670795
KP.2,2.749253101919731,2.7175478014670795,0.0
