,Wuhan-Hu-1,BA.5,KP.2
Wuhan-Hu-1,0.0,1.4051793943535404,2.3171518298300393
BA.5,1.4051793943535404,0.0,2.2670787859716675
KP.2,2.3171518298300393,2.2670787859716675,0.0
