,Wuhan-Hu-1,BA.5,KP.2
Wuhan-Hu-1,0.0,0.2983163914011229,1.7214766542807878
BA.5,0.2983163914011229,0.0,0.25605478464977655
KP.2,1.7214766542807878,0.25605478464977655,0.0
