,Wuhan-Hu-1,BA.5,KP.2
Wuhan-Hu-1,0.0,2.3295504835749314,2.5096444282228636
BA.5,2.3295504835749314,0.0,2.438295277932379
KP.2,2.5096444282228636,2.438295277932379,0.0
