,Wuhan-Hu-1,BA.5,KP.2
Wuhan-Hu-1,0.0,2.242938450325753,2.3456013316411215
BA.5,2.242938450325753,0.0,1.2539742275363044
KP.2,2.3456013316411215,1.2539742275363044,0.0
