,Wuhan-Hu-1,BA.5,KP.2
Wuhan-Hu-1,0.0,2.547535711062633,2.8762117079584786
BA.5,2.547535711062633,0.0,1.7936798106033307
KP.2,2.8762117079584786,1.7936798106033307,0.0
