,Wuhan-Hu-1,BA.5,KP.2
Wuhan-Hu-1,0.0,2.3019204539181364,2.9972308183588967
BA.5,2.3019204539181364,0.0,2.6946252039650775
KP.2,2.9972308183588967,2.6946252039650775,0.0
