,Wuhan-Hu-1,BA.5,KP.2
Wuhan-Hu-1,0.0,1.4940024934064853,2.0048786942604195
BA.5,1.4940024934064853,0.0,1.5810821815220026
KP.2,2.0048786942604195,1.5810821815220026,0.0
