,Wuhan-Hu-1,JN.2,JN.3
Wuhan-Hu-1,0.0,2.284448911869782,2.284448911869782
JN.2,2.284448911869782,0.0,0.0
JN.3,2.284448911869782,0.0,0.0
