,Wuhan-Hu-1,JN.2,JN.3
Wuhan-Hu-1,0.0,1.7198918223457542,1.7198918223457542
JN.2,1.7198918223457542,0.0,0.0
JN.3,1.7198918223457542,0.0,0.0
