,Wuhan-Hu-1,JN.2,JN.3
Wuhan-Hu-1,0.0,2.0846121501925685,2.0846121501925685
JN.2,2.0846121501925685,0.0,0.0
JN.3,2.0846121501925685,0.0,0.0
