,Wuhan-Hu-1,JN.2,JN.3
Wuhan-Hu-1,0.0,1.7426166704225958,1.7426166704225958
JN.2,1.7426166704225958,0.0,0.0
JN.3,1.7426166704225958,0.0,0.0
