,Wuhan-Hu-1,JN.2,JN.3
Wuhan-Hu-1,0.0,2.230650993160292,2.230650993160292
JN.2,2.230650993160292,0.0,0.0
JN.3,2.230650993160292,0.0,0.0
