,Wuhan-Hu-1,BA.5,JN.1
Wuhan-Hu-1,0.0,1.4051793943535404,2.085350531657746
BA.5,1.4051793943535404,0.0,2.0245791016728423
JN.1,2.085350531657746,2.0245791016728423,0.0
