,Wuhan-Hu-1,BA.5,JN.1
Wuhan-Hu-1,0.0,1.4940024934064853,1.8697787588000843
BA.5,1.4940024934064853,0.0,1.3466647703959658
JN.1,1.8697787588000843,1.3466647703959658,0.0
