,Wuhan-Hu-1,BA.5,JN.1
Wuhan-Hu-1,0.0,2.547535711062633,2.6975406636317145
BA.5,2.547535711062633,0.0,1.36821582406436
JN.1,2.6975406636317145,1.36821582406436,0.0
