,Wuhan-Hu-1,BA.5,JN.1
Wuhan-Hu-1,0.0,2.242938450325753,2.2314450298795268
BA.5,2.242938450325753,0.0,0.4970567425469875
JN.1,2.2314450298795268,0.4970567425469875,0.0
