,Wuhan-Hu-1,JN.2,KP.3
Wuhan-Hu-1,0.0,2.990344388053424,3.0087920960201755
JN.2,2.990344388053424,0.0,1.6683490233933629
KP.3,3.0087920960201755,1.6683490233933629,0.0
