,Wuhan-Hu-1,JN.2,KP.3
Wuhan-Hu-1,0.0,2.0846121501925685,2.1111156464492105
JN.2,2.0846121501925685,0.0,0.887804897141783
KP.3,2.1111156464492105,0.887804897141783,0.0
