,Wuhan-Hu-1,JN.1,JN.2,JN.3,KP.3,XBB.1.5,KP.2
Wuhan-Hu-1,0.0,2.085350531657746,2.0846121501925685,2.0846121501925685,2.1111156464492105,1.796525813010274,2.3171518298300398
KP.2,2.3171518298300398,1.2684214363009676,1.273158920916564,1.273158920916564,1.235522787909686,1.8719827419995736,0.0
