,Wuhan-Hu-1,JN.1,JN.2,JN.3,KP.3,XBB.1.5,KP.2
Wuhan-Hu-1,0.0,1.74277661134749,1.7426166704225958,1.7426166704225958,1.7523496139509522,1.7201152054097082,1.7531118615787216
KP.2,1.7531118615787216,0.3288822573094272,0.3138695358626771,0.3138695358626771,0.1759213029767277,0.6135916577753047,0.0
