,Wuhan-Hu-1,JN.1,JN.2,JN.3,KP.3,XBB.1.5,KP.2
Wuhan-Hu-1,0.0,2.3052128921801973,2.284448911869782,2.284448911869782,2.3968199654506264,2.747399096787412,2.749253101919731
KP.2,2.749253101919731,2.6534218747407,2.6432941716452367,2.6432941716452367,2.669752455236714,2.3676206713186367,0.0
