,Wuhan-Hu-1,JN.1,JN.2,JN.3,KP.3,XBB.1.5,KP.2
Wuhan-Hu-1,0.0,2.2314450298795268,2.230650993160292,2.230650993160292,2.3477717536868234,2.233226893748587,2.345601331641121
KP.2,2.345601331641121,1.4082421683130724,1.3316732434909373,1.3316732434909373,0.1258904104325073,1.304451164482353,0.0
