,Wuhan-Hu-1,JN.1,JN.2,JN.3,KP.3,XBB.1.5,KP.2
Wuhan-Hu-1,0.0,1.8697787588000845,1.7198918223457542,1.7198918223457542,2.0363951081270084,1.654148846846963,2.0048786942604195
KP.2,2.0048786942604195,1.0755092380323412,1.30412275038417,1.30412275038417,1.027660321192803,1.4134984437183855,0.0
