,Wuhan-Hu-1,JN.1,JN.2,JN.3,KP.3,XBB.1.5,KP.2
Wuhan-Hu-1,0.0,2.990344388053424,2.990344388053424,2.990344388053424,3.0087920960201755,2.9563201051571832,2.9972308183588967
KP.2,2.9972308183588967,1.6046322688590258,1.6046322688590258,1.6046322688590258,1.7126208507206844,2.3352251912274573,0.0
