,Wuhan-Hu-1,JN.1,JN.2,JN.3,KP.3,XBB.1.5,KP.2
Wuhan-Hu-1,0.0,2.6975406636317145,2.697359953831775,2.697359953831775,2.700636012829851,2.6646104993698705,2.8762117079584786
KP.2,2.8762117079584786,1.4656926138813375,1.4691853243108044,1.4691853243108044,1.4501586326350846,1.0841735704539692,0.0
