,Wuhan-Hu-1,JN.1,JN.2,JN.3,KP.3,XBB.1.5,KP.2
Wuhan-Hu-1,0.0,2.391636968590396,2.3552835590563226,2.3552835590563226,2.45862351589876,3.656853746134309,2.509644428222864
KP.2,2.509644428222864,1.5769889040594474,1.678670645989679,1.678670645989679,1.5325555643622988,3.3696571356391147,0.0
