,Wuhan-Hu-1,JN.1,JN.2,JN.3,KP.3,XBB.1.5,KP.2
Wuhan-Hu-1,0.0,0.4612475805713231,0.4612475805713231,0.4612475805713231,1.7147874044398028,0.4477200742322779,1.7214766542807878
KP.2,1.7214766542807878,0.2975712428385671,0.2697739617137045,0.2697739617137045,0.0053011304712921,0.2919429742475642,0.0
