,Wuhan-Hu-1,JN.2,XBB.1.5
Wuhan-Hu-1,0.0,2.3552835590563226,3.6568537461343085
JN.2,2.3552835590563226,0.0,3.5132575677743136
XBB.1.5,3.6568537461343085,3.5132575677743136,0.0
