,Wuhan-Hu-1,JN.2,XBB.1.5
Wuhan-Hu-1,0.0,2.697359953831775,2.6646104993698705
JN.2,2.697359953831775,0.0,1.5329618130970688
XBB.1.5,2.6646104993698705,1.5329618130970688,0.0
