,Wuhan-Hu-1,BA.5,JN.3
Wuhan-Hu-1,0.0,1.4940024934064853,1.7198918223457542
BA.5,1.4940024934064853,0.0,1.1831925445300295
JN.3,1.7198918223457542,1.1831925445300295,0.0
