,Wuhan-Hu-1,BA.5,JN.3
Wuhan-Hu-1,0.0,2.242938450325753,2.230650993160292
BA.5,2.242938450325753,0.0,0.49075019950974097
JN.3,2.230650993160292,0.49075019950974097,0.0
