,Wuhan-Hu-1,BA.5,JN.3
Wuhan-Hu-1,0.0,2.3295504835749314,2.3552835590563226
BA.5,2.3295504835749314,0.0,2.3111993421788024
JN.3,2.3552835590563226,2.3111993421788024,0.0
