,Wuhan-Hu-1,BA.5,JN.3
Wuhan-Hu-1,0.0,2.150882411728101,2.284448911869782
BA.5,2.150882411728101,0.0,2.2153401425022516
JN.3,2.284448911869782,2.2153401425022516,0.0
