,Wuhan-Hu-1,JN.1,XBB.1.5
Wuhan-Hu-1,0.0,2.2314450298795268,2.233226893748587
JN.1,2.2314450298795268,0.0,0.23190879883605528
XBB.1.5,2.233226893748587,0.23190879883605528,0.0
