,Wuhan-Hu-1,JN.1,XBB.1.5
Wuhan-Hu-1,0.0,1.74277661134749,1.7201152054097082
JN.1,1.74277661134749,0.0,0.5118138764587582
XBB.1.5,1.7201152054097082,0.5118138764587582,0.0
