,Wuhan-Hu-1,JN.1,XBB.1.5
Wuhan-Hu-1,0.0,2.3052128921801973,2.747399096787412
JN.1,2.3052128921801973,0.0,2.7436038899525896
XBB.1.5,2.747399096787412,2.7436038899525896,0.0
