,Wuhan-Hu-1,JN.1,XBB.1.5
Wuhan-Hu-1,0.0,2.391636968590396,3.6568537461343085
JN.1,2.391636968590396,0.0,3.469215546548237
XBB.1.5,3.6568537461343085,3.469215546548237,0.0
