,Wuhan-Hu-1,JN.1,XBB.1.5
Wuhan-Hu-1,0.0,2.085350531657746,1.796525813010274
JN.1,2.085350531657746,0.0,2.039505873746892
XBB.1.5,1.796525813010274,2.039505873746892,0.0
