,Wuhan-Hu-1,BA.1,BA.4
Wuhan-Hu-1,0.0,1.2748371933388365,1.4051793943535404
BA.1,1.2748371933388365,0.0,1.3704937764899991
BA.4,1.4051793943535404,1.3704937764899991,0.0
