,Wuhan-Hu-1,BA.1,BA.4
Wuhan-Hu-1,0.0,0.5837993588941323,2.242938450325753
BA.1,0.5837993588941323,0.0,0.7734022597612382
BA.4,2.242938450325753,0.7734022597612382,0.0
