,Wuhan-Hu-1,BA.1,BA.4
Wuhan-Hu-1,0.0,0.06121604047185019,0.08011413130660043
BA.1,0.06121604047185019,0.0,0.04380003455374427
BA.4,0.08011413130660043,0.04380003455374427,0.0
