,Wuhan-Hu-1,BA.1,BA.4
Wuhan-Hu-1,0.0,2.011691110794634,2.150882411728101
BA.1,2.011691110794634,0.0,1.800583533556812
BA.4,2.150882411728101,1.800583533556812,0.0
