,Wuhan-Hu-1,BA.1,BA.4
Wuhan-Hu-1,0.0,1.6240247930824967,2.3295504835749314
BA.1,1.6240247930824967,0.0,2.2025823379536438
BA.4,2.3295504835749314,2.2025823379536438,0.0
