,Wuhan-Hu-1,BA.1,JN.1
Wuhan-Hu-1,0.0,1.2748371933388365,2.085350531657746
BA.1,1.2748371933388365,0.0,2.1148155983857397
JN.1,2.085350531657746,2.1148155983857397,0.0
