,Wuhan-Hu-1,BA.1,JN.1
Wuhan-Hu-1,0.0,0.5837993588941323,2.2314450298795268
BA.1,0.5837993588941323,0.0,0.8333436839347252
JN.1,2.2314450298795268,0.8333436839347252,0.0
