,Wuhan-Hu-1,BA.1,JN.1
Wuhan-Hu-1,0.0,1.5049069136244189,1.74277661134749
BA.1,1.5049069136244189,0.0,1.0642591792963527
JN.1,1.74277661134749,1.0642591792963527,0.0
