,Wuhan-Hu-1,BA.1,JN.1
Wuhan-Hu-1,0.0,1.6240247930824967,2.391636968590396
BA.1,1.6240247930824967,0.0,2.372979801258006
JN.1,2.391636968590396,2.372979801258006,0.0
