,Wuhan-Hu-1,BA.1,JN.1
Wuhan-Hu-1,0.0,1.3321426255309354,2.6975406636317145
BA.1,1.3321426255309354,0.0,2.546530283711906
JN.1,2.6975406636317145,2.546530283711906,0.0
