,Wuhan-Hu-1,BA.1,JN.1
Wuhan-Hu-1,0.0,1.2429259198596647,1.8697787588000843
BA.1,1.2429259198596647,0.0,1.7658134028491492
JN.1,1.8697787588000843,1.7658134028491492,0.0
