,Wuhan-Hu-1,BA.1,JN.1
Wuhan-Hu-1,0.0,2.011691110794634,2.3052128921801973
BA.1,2.011691110794634,0.0,2.3622468938353935
JN.1,2.3052128921801973,2.3622468938353935,0.0
