,Wuhan-Hu-1,JN.1,JN.2,JN.3,KP.3,XBB.1.5
Wuhan-Hu-1,0.0,2.085350531657746,2.0846121501925685,2.0846121501925685,2.1111156464492105,1.796525813010274
JN.1,2.085350531657746,0.0,0.4114875322002805,0.4114875322002805,0.8533574709310057,2.039505873746892
JN.2,2.0846121501925685,0.4114875322002805,0.0,0.0,0.887804897141783,2.038765572930907
JN.3,2.0846121501925685,0.4114875322002805,0.0,0.0,0.887804897141783,2.038765572930907
KP.3,2.1111156464492105,0.8533574709310057,0.887804897141783,0.887804897141783,0.0,2.0687419102973674
XBB.1.5,1.796525813010274,2.039505873746892,2.038765572930907,2.038765572930907,2.0687419102973674,0.0
