,Wuhan-Hu-1,JN.1,JN.2,JN.3,KP.3,XBB.1.5
Wuhan-Hu-1,0.0,,,2.990344388053424,3.0087920960201755,2.9563201051571832
JN.1,,,,,,
JN.2,,,,,,
JN.3,2.990344388053424,,,0.0,1.6683490233933629,2.3510473400630545
KP.3,3.0087920960201755,,,1.6683490233933629,0.0,2.3767454029615536
XBB.1.5,2.9563201051571832,,,2.3510473400630545,2.3767454029615536,0.0
