,Wuhan-Hu-1,KP.2,JN.3
Wuhan-Hu-1,0.0,1.7531118615787216,1.7426166704225958
KP.2,1.7531118615787216,0.0,0.31386953586267713
JN.3,1.7426166704225958,0.31386953586267713,0.0
