,Wuhan-Hu-1,KP.2,JN.3
Wuhan-Hu-1,0.0,2.8762117079584786,2.697359953831775
KP.2,2.8762117079584786,0.0,1.4691853243108044
JN.3,2.697359953831775,1.4691853243108044,0.0
