,Wuhan-Hu-1,KP.2,JN.3
Wuhan-Hu-1,0.0,2.0048786942604195,1.7198918223457542
KP.2,2.0048786942604195,0.0,1.30412275038417
JN.3,1.7198918223457542,1.30412275038417,0.0
