,Wuhan-Hu-1,KP.2,JN.3
Wuhan-Hu-1,0.0,2.3456013316411215,2.230650993160292
KP.2,2.3456013316411215,0.0,1.3316732434909373
JN.3,2.230650993160292,1.3316732434909373,0.0
