,Wuhan-Hu-1,KP.2,JN.3
Wuhan-Hu-1,0.0,2.5096444282228636,2.3552835590563226
KP.2,2.5096444282228636,0.0,1.678670645989679
JN.3,2.3552835590563226,1.678670645989679,0.0
