,Wuhan-Hu-1,XBB.1.5,KP.3
Wuhan-Hu-1,0.0,0.08057914503295312,0.1359406568420393
XBB.1.5,0.08057914503295312,0.0,0.03980241185552244
KP.3,0.1359406568420393,0.03980241185552244,0.0
