,Wuhan-Hu-1,XBB.1.5,KP.3
Wuhan-Hu-1,0.0,1.654148846846963,2.0363951081270084
XBB.1.5,1.654148846846963,0.0,1.5278354352611807
KP.3,2.0363951081270084,1.5278354352611807,0.0
