,Wuhan-Hu-1,XBB.1.5,KP.3
Wuhan-Hu-1,0.0,2.6646104993698705,2.700636012829851
XBB.1.5,2.6646104993698705,0.0,1.5644608066733563
KP.3,2.700636012829851,1.5644608066733563,0.0
