,Wuhan-Hu-1,XBB.1.5,KP.3
Wuhan-Hu-1,0.0,1.7201152054097082,1.7523496139509522
XBB.1.5,1.7201152054097082,0.0,0.5992271529481548
KP.3,1.7523496139509522,0.5992271529481548,0.0
