,Wuhan-Hu-1,JN.3,KP.3
Wuhan-Hu-1,0.0,2.697359953831775,2.700636012829851
JN.3,2.697359953831775,0.0,1.096271993286896
KP.3,2.700636012829851,1.096271993286896,0.0
