,Wuhan-Hu-1,JN.3,KP.3
Wuhan-Hu-1,0.0,1.7198918223457542,2.0363951081270084
JN.3,1.7198918223457542,0.0,1.2954941557592463
KP.3,2.0363951081270084,1.2954941557592463,0.0
