,Wuhan-Hu-1,JN.3,KP.3
Wuhan-Hu-1,0.0,2.230650993160292,2.3477717536868234
JN.3,2.230650993160292,0.0,1.533438628098554
KP.3,2.3477717536868234,1.533438628098554,0.0
