,Wuhan-Hu-1,JN.3,KP.3
Wuhan-Hu-1,0.0,1.7426166704225958,1.7523496139509522
JN.3,1.7426166704225958,0.0,0.3911580078330253
KP.3,1.7523496139509522,0.3911580078330253,0.0
