,Wuhan-Hu-1,JN.2,KP.3
Wuhan-Hu-1,0.0,2.3552835590563226,2.45862351589876
JN.2,2.3552835590563226,0.0,1.5300304886957696
KP.3,2.45862351589876,1.5300304886957696,0.0
