,Wuhan-Hu-1,JN.2,KP.3
Wuhan-Hu-1,0.0,0.10380387762952872,0.1359406568420393
JN.2,0.10380387762952872,0.0,0.03778025419078079
KP.3,0.1359406568420393,0.03778025419078079,0.0
