,Wuhan-Hu-1,JN.1,JN.2,JN.3,KP.3,XBB.1.5,KP.2
Wuhan-Hu-1,0.0,2.3526488456674026,2.3336599915575786,2.242750900648488,2.514839252154114,2.268863584157231,2.5834320404347224
KP.2,2.5834320404347224,1.0660828199360088,1.0850845307394552,1.1759936216485463,0.9053556128176972,1.880839530543611,0.0
