,Wuhan-Hu-1,JN.1,JN.2,JN.3,KP.3,XBB.1.5,KP.2
Wuhan-Hu-1,0.0,0.1038038776295287,0.1038038776295287,0.1038038776295287,0.1359406568420393,0.0805791450329531,0.1431920167308882
KP.2,0.1431920167308882,0.0,0.0,0.0475490149612101,0.0,0.0370912851173591,0.0
