,Wuhan-Hu-1,JN.1,KP.3
Wuhan-Hu-1,0.0,2.391636968590396,2.45862351589876
JN.1,2.391636968590396,0.0,1.3344639041805655
KP.3,2.45862351589876,1.3344639041805655,0.0
