,Wuhan-Hu-1,JN.1,KP.3
Wuhan-Hu-1,0.0,2.085350531657746,2.1111156464492105
JN.1,2.085350531657746,0.0,0.8533574709310057
KP.3,2.1111156464492105,0.8533574709310057,0.0
