,Wuhan-Hu-1,JN.1,KP.3
Wuhan-Hu-1,0.0,2.3052128921801973,2.3968199654506264
JN.1,2.3052128921801973,0.0,1.4140335145297316
KP.3,2.3968199654506264,1.4140335145297316,0.0
