,Wuhan-Hu-1,JN.1,KP.3
Wuhan-Hu-1,0.0,1.74277661134749,1.7523496139509522
JN.1,1.74277661134749,0.0,0.4321362388162714
KP.3,1.7523496139509522,0.4321362388162714,0.0
