,Wuhan-Hu-1,JN.1,KP.3
Wuhan-Hu-1,0.0,2.6975406636317145,2.700636012829851
JN.1,2.6975406636317145,0.0,1.1150007711094103
KP.3,2.700636012829851,1.1150007711094103,0.0
