,Wuhan-Hu-1,BA.4,JN.3
Wuhan-Hu-1,0.0,1.4051793943535404,2.0846121501925685
BA.4,1.4051793943535404,0.0,2.0237297105761636
JN.3,2.0846121501925685,2.0237297105761636,0.0
