,Wuhan-Hu-1,BA.4,JN.3
Wuhan-Hu-1,0.0,2.3019204539181364,2.990344388053424
BA.4,2.3019204539181364,0.0,2.6851703199870314
JN.3,2.990344388053424,2.6851703199870314,0.0
