,Wuhan-Hu-1,BA.4,JN.3
Wuhan-Hu-1,0.0,0.2983163914011229,0.46124758057132315
BA.4,0.2983163914011229,0.0,0.08658071365833722
JN.3,0.46124758057132315,0.08658071365833722,0.0
