,Wuhan-Hu-1,BA.4,JN.3
Wuhan-Hu-1,0.0,1.6795345963442387,1.7426166704225958
BA.4,1.6795345963442387,0.0,0.6642538358170259
JN.3,1.7426166704225958,0.6642538358170259,0.0
