,Wuhan-Hu-1,BA.4,KP.3
Wuhan-Hu-1,0.0,1.6795345963442387,1.7523496139509522
BA.4,1.6795345963442387,0.0,0.7099827079502546
KP.3,1.7523496139509522,0.7099827079502546,0.0
