,Wuhan-Hu-1,BA.4,KP.3
Wuhan-Hu-1,0.0,2.3295504835749314,2.45862351589876
BA.4,2.3295504835749314,0.0,2.389507242043813
KP.3,2.45862351589876,2.389507242043813,0.0
