,Wuhan-Hu-1,JN.1,JN.2,JN.3,KP.3,XBB.1.5
Wuhan-Hu-1,0.0,1.8697787588000845,1.7198918223457542,1.7198918223457542,2.0363951081270084,1.654148846846963
JN.1,1.8697787588000845,0.0,0.9381556154366104,0.9381556154366104,1.0508187252871288,1.2976501703120762
JN.2,1.7198918223457542,0.9381556154366104,0.0,0.0,1.2954941557592463,1.155116722619375
JN.3,1.7198918223457542,0.9381556154366104,0.0,0.0,1.2954941557592463,1.155116722619375
KP.3,2.0363951081270084,1.0508187252871288,1.2954941557592463,1.2954941557592463,0.0,1.5278354352611807
XBB.1.5,1.654148846846963,1.2976501703120762,1.155116722619375,1.155116722619375,1.5278354352611807,0.0
