,Wuhan-Hu-1,JN.1,JN.2,JN.3,KP.3,XBB.1.5
Wuhan-Hu-1,0.0,2.2314450298795268,2.230650993160292,2.230650993160292,2.3477717536868234,2.233226893748587
JN.1,2.2314450298795268,0.0,0.1172174918337014,0.1172174918337014,1.6721109133218126,0.2319087988360552
JN.2,2.230650993160292,0.1172174918337014,0.0,0.0,1.533438628098554,0.2164516567496614
JN.3,2.230650993160292,0.1172174918337014,0.0,0.0,1.533438628098554,0.2164516567496614
KP.3,2.3477717536868234,1.6721109133218126,1.533438628098554,1.533438628098554,0.0,1.246615156265678
XBB.1.5,2.233226893748587,0.2319087988360552,0.2164516567496614,0.2164516567496614,1.246615156265678,0.0
