,Wuhan-Hu-1,BA.5,XBB.1.5
Wuhan-Hu-1,0.0,2.242938450325753,2.233226893748587
BA.5,2.242938450325753,0.0,0.5120584925492038
XBB.1.5,2.233226893748587,0.5120584925492038,0.0
