,Wuhan-Hu-1,BA.5,XBB.1.5
Wuhan-Hu-1,0.0,2.547535711062633,2.6646104993698705
BA.5,2.547535711062633,0.0,1.6998298709250141
XBB.1.5,2.6646104993698705,1.6998298709250141,0.0
