,Wuhan-Hu-1,BA.5,XBB.1.5
Wuhan-Hu-1,0.0,1.6795345963442387,1.7201152054097082
BA.5,1.6795345963442387,0.0,0.5195943049009515
XBB.1.5,1.7201152054097082,0.5195943049009515,0.0
