,Wuhan-Hu-1,BA.5,XBB.1.5
Wuhan-Hu-1,0.0,2.3019204539181364,2.9563201051571832
BA.5,2.3019204539181364,0.0,2.614410726859205
XBB.1.5,2.9563201051571832,2.614410726859205,0.0
