,Wuhan-Hu-1,BA.1,BA.5
Wuhan-Hu-1,0.0,0.003448891598626359,0.2983163914011229
BA.1,0.003448891598626359,0.0,0.5519083862177793
BA.5,0.2983163914011229,0.5519083862177793,0.0
