,Wuhan-Hu-1,BA.1,BA.5
Wuhan-Hu-1,0.0,2.294271820292494,2.3019204539181364
BA.1,2.294271820292494,0.0,1.7132889796422595
BA.5,2.3019204539181364,1.7132889796422595,0.0
