,Wuhan-Hu-1,BA.1,BA.5
Wuhan-Hu-1,0.0,1.3321426255309354,2.547535711062633
BA.1,1.3321426255309354,0.0,2.4178226528512843
BA.5,2.547535711062633,2.4178226528512843,0.0
