,Wuhan-Hu-1,BA.1,BA.5
Wuhan-Hu-1,0.0,1.5049069136244189,1.6795345963442387
BA.1,1.5049069136244189,0.0,0.8552116563043517
BA.5,1.6795345963442387,0.8552116563043517,0.0
