,Wuhan-Hu-1,BA.1,BA.5
Wuhan-Hu-1,0.0,1.2429259198596647,1.4940024934064853
BA.1,1.2429259198596647,0.0,1.3764233231925616
BA.5,1.4940024934064853,1.3764233231925616,0.0
