,Wuhan-Hu-1,JN.3,XBB.1.5
Wuhan-Hu-1,0.0,2.990344388053424,2.9563201051571832
JN.3,2.990344388053424,0.0,2.3510473400630545
XBB.1.5,2.9563201051571832,2.3510473400630545,0.0
