,Wuhan-Hu-1,JN.3,XBB.1.5
Wuhan-Hu-1,0.0,1.7198918223457542,1.654148846846963
JN.3,1.7198918223457542,0.0,1.155116722619375
XBB.1.5,1.654148846846963,1.155116722619375,0.0
