,Wuhan-Hu-1,JN.2,JN.3
Wuhan-Hu-1,0.0,2.3552835590563226,2.3552835590563226
JN.2,2.3552835590563226,0.0,0.0
JN.3,2.3552835590563226,0.0,0.0
