,Wuhan-Hu-1,JN.2,JN.3
Wuhan-Hu-1,0.0,2.697359953831775,2.697359953831775
JN.2,2.697359953831775,0.0,0.0
JN.3,2.697359953831775,0.0,0.0
