,Wuhan-Hu-1,JN.1,JN.3
Wuhan-Hu-1,0.0,2.3052128921801973,2.284448911869782
JN.1,2.3052128921801973,0.0,1.1925973244846277
JN.3,2.284448911869782,1.1925973244846277,0.0
