,Wuhan-Hu-1,JN.1,JN.3
Wuhan-Hu-1,0.0,0.10380387762952872,0.10380387762952872
JN.1,0.10380387762952872,0.0,0.0
JN.3,0.10380387762952872,0.0,0.0
