,Wuhan-Hu-1,JN.1,JN.3
Wuhan-Hu-1,0.0,1.8697787588000843,1.7198918223457542
JN.1,1.8697787588000843,0.0,0.9381556154366105
JN.3,1.7198918223457542,0.9381556154366105,0.0
