,Wuhan-Hu-1,JN.1,JN.3
Wuhan-Hu-1,0.0,0.46124758057132315,0.46124758057132315
JN.1,0.46124758057132315,0.0,0.0
JN.3,0.46124758057132315,0.0,0.0
