,Wuhan-Hu-1,JN.1,JN.2
Wuhan-Hu-1,0.0,2.2314450298795268,2.230650993160292
JN.1,2.2314450298795268,0.0,0.11721749183370146
JN.2,2.230650993160292,0.11721749183370146,0.0
