,Wuhan-Hu-1,JN.1,JN.2
Wuhan-Hu-1,0.0,1.74277661134749,1.7426166704225958
JN.1,1.74277661134749,0.0,0.0
JN.2,1.7426166704225958,0.0,0.0
