,Wuhan-Hu-1,JN.1,XBB.1.5
Wuhan-Hu-1,0.0,0.10380387762952872,0.08057914503295312
JN.1,0.10380387762952872,0.0,0.02928251802844941
XBB.1.5,0.08057914503295312,0.02928251802844941,0.0
