,Wuhan-Hu-1,JN.1,XBB.1.5
Wuhan-Hu-1,0.0,0.46124758057132315,0.44772007423227794
JN.1,0.46124758057132315,0.0,0.08354858702067013
XBB.1.5,0.44772007423227794,0.08354858702067013,0.0
