,Wuhan-Hu-1,JN.1,XBB.1.5
Wuhan-Hu-1,0.0,1.8697787588000843,1.654148846846963
JN.1,1.8697787588000843,0.0,1.2976501703120762
XBB.1.5,1.654148846846963,1.2976501703120762,0.0
