,Wuhan-Hu-1,JN.1,XBB.1.5
Wuhan-Hu-1,0.0,2.6975406636317145,2.6646104993698705
JN.1,2.6975406636317145,0.0,1.5375713114414635
XBB.1.5,2.6646104993698705,1.5375713114414635,0.0
