,Wuhan-Hu-1,BA.4,JN.2
Wuhan-Hu-1,0.0,2.3295504835749314,2.3552835590563226
BA.4,2.3295504835749314,0.0,2.3111993421788024
JN.2,2.3552835590563226,2.3111993421788024,0.0
